{
  "height": 70.295715147857578,
  "tabOrder": 15000,
  "width": 376.19794809897405,
  "x": 543.05371152685575,
  "y": 103.29993964996984,
  "z": 3500
}