{
  "height": 69.810298102981051,
  "width": 326.56891495601172,
  "x": 15,
  "y": 24.571215701663846,
  "z": 5000
}