{
  "height": 136.34396671289875,
  "tabOrder": 5000,
  "width": 238.60194174757282,
  "x": 0,
  "y": 501.55102040816325,
  "z": 5000
}