{
  "height": 388.4236003650359,
  "tabOrder": 2000,
  "width": 984.873229377455,
  "x": 0,
  "y": 316.91465301749787,
  "z": 2000
}