{
  "height": 720.32388663967606,
  "width": 1136.9716599190283,
  "x": 10.364372469635628,
  "y": 0,
  "z": 0
}