{
  "height": 69.810298102981051,
  "tabOrder": 4000,
  "width": 476.42857142857144,
  "x": 15,
  "y": 103.74521601609364,
  "z": 4000
}