{
  "height": 30.352303523035232,
  "tabOrder": 4000,
  "width": 150.02710027100272,
  "x": 460,
  "y": 70.2439024390244,
  "z": 16687
}