{
  "height": 70.295715147857578,
  "tabOrder": 16000,
  "width": 376.19794809897405,
  "x": 542.28123114061566,
  "y": 183.6378998189499,
  "z": 1000
}