{
  "height": 507.35751295336792,
  "tabOrder": 1000,
  "width": 1280.3316062176166,
  "x": 0,
  "y": 62.673575129533681,
  "z": 1000
}