{
  "height": 70.295715147857578,
  "tabOrder": 14000,
  "width": 376.19794809897405,
  "x": 543.05371152685575,
  "y": 23.734459867229944,
  "z": 4500
}