{
  "height": 150.67605760172268,
  "tabOrder": 3000,
  "width": 595.35417881656281,
  "x": 0,
  "y": 147.0010318065587,
  "z": 3000
}