{
  "height": 70.295715147857578,
  "tabOrder": 19000,
  "width": 176.12552806276403,
  "x": 359.20337960168985,
  "y": 23.734459867229944,
  "z": 4750
}