{
  "height": 62.6865671641791,
  "width": 1279.7014925373135,
  "x": 0,
  "y": 0,
  "z": 0
}