{
  "height": 29.799675148890095,
  "tabOrder": 2000,
  "width": 160.08662696264213,
  "x": 289,
  "y": 70,
  "z": 16780
}