{
  "height": 624.02852049910871,
  "tabOrder": 3000,
  "width": 1280,
  "x": 0,
  "y": 95.8288770053476,
  "z": 16733
}