{
  "height": 150,
  "tabOrder": 6000,
  "width": 250.92767980978806,
  "x": 1029.0723201902119,
  "y": 0,
  "z": 6000
}