{
  "height": 236.7479674796748,
  "tabOrder": 18000,
  "width": 300.05420054200545,
  "x": 979.94579945799467,
  "y": 17.604336043360433,
  "z": 500
}