{
  "height": 131.47453933029522,
  "tabOrder": 1000,
  "width": 259.70279373885478,
  "x": 267.81850604319396,
  "y": 0,
  "z": 1000
}