{
  "height": 282.78538269253659,
  "tabOrder": 4000,
  "width": 624.07808594214976,
  "x": 656.58215291830334,
  "y": 437.17970082926632,
  "z": 4000
}