{
  "height": 69.810298102981051,
  "tabOrder": 6000,
  "width": 476.66923670007714,
  "x": 14.803392444101775,
  "y": 184.13761136562053,
  "z": 2000
}