{
  "height": 91.475140069741016,
  "width": 913.14657367864277,
  "x": 0,
  "y": 0,
  "z": 0
}