{
  "height": 154.39431813672974,
  "tabOrder": 7000,
  "width": 302.28782287822878,
  "x": 978.37241598222431,
  "y": 121.89025116057611,
  "z": 7000
}