{
  "height": 30.352303523035232,
  "tabOrder": 1000,
  "width": 159.56639566395665,
  "x": 289.64769647696477,
  "y": 70.2439024390244,
  "z": 16843
}