{
  "height": 409.41460470730237,
  "width": 1269.9577549788776,
  "x": 10.042245021122511,
  "y": 0,
  "z": 0
}