{
  "height": 146.98445595854923,
  "tabOrder": 3000,
  "width": 781.18134715025917,
  "x": 498.40414507772022,
  "y": 564.06217616580318,
  "z": 3000
}