{
  "height": 199.7051597051597,
  "tabOrder": 1000,
  "width": 1262.7027027027027,
  "x": 0,
  "y": 78.624078624078621,
  "z": 0
}