{
  "height": 30.352303523035232,
  "tabOrder": 5000,
  "width": 150.02710027100272,
  "x": 619.18699186991876,
  "y": 26.016260162601625,
  "z": 15062
}