{
  "height": 141.21339409550228,
  "tabOrder": 4000,
  "width": 215.877947295423,
  "x": 0,
  "y": 360.337626312661,
  "z": 4000
}