{
  "height": 233.04585900068446,
  "width": 1009.2813141683779,
  "x": 0,
  "y": 0,
  "z": 1000
}