{
  "height": 121.27585124041093,
  "width": 415.27791485352833,
  "x": 11.025077385491903,
  "y": 0,
  "z": 0
}