{
  "height": 160.89513153196046,
  "tabOrder": 6000,
  "width": 302.28782287822878,
  "x": 978.37241598222431,
  "y": 276.28456929730584,
  "z": 6000
}