{
  "height": 284.53608247422682,
  "tabOrder": 3000,
  "width": 165.77319587628867,
  "x": 1114.020618556701,
  "y": 211.54639175257731,
  "z": 3000
}