{
  "height": 30.352303523035232,
  "tabOrder": 12000,
  "width": 150.02710027100272,
  "x": 1100,
  "y": 26.016260162601625,
  "z": 13250
}