{
  "height": 329.55223880597015,
  "width": 1279.7014925373135,
  "x": 0,
  "y": 62.6865671641791,
  "z": 1000
}