{
  "height": 121.89025116057611,
  "tabOrder": 2000,
  "width": 302.28782287822878,
  "x": 978.37241598222431,
  "y": 0,
  "z": 2000
}