{
  "height": 121.27585124041093,
  "tabOrder": 1000,
  "width": 424.46547934143825,
  "x": 426.30299223902023,
  "y": 0,
  "z": 1000
}