{
  "height": 30.352303523035232,
  "tabOrder": 13000,
  "width": 160.43360433604337,
  "x": 288.78048780487808,
  "y": 26.016260162601625,
  "z": 16968
}