{
  "height": 720.626334519573,
  "tabOrder": 1000,
  "width": 859.10320284697514,
  "x": 420.89679715302492,
  "y": 0,
  "z": 1000
}