{
  "height": 78.624078624078621,
  "tabOrder": 2000,
  "width": 762.65356265356263,
  "x": 0,
  "y": 0,
  "z": 1000
}