{
  "height": 30.352303523035232,
  "tabOrder": 6000,
  "width": 150.02710027100272,
  "x": 620,
  "y": 70.2439024390244,
  "z": 14249
}