{
  "height": 136.15176151761517,
  "tabOrder": 17000,
  "width": 47.696476964769651,
  "x": 929.64769647696482,
  "y": 71.371273712737121,
  "z": 750
}