{
  "height": 30.352303523035232,
  "tabOrder": 8000,
  "width": 150.02710027100272,
  "x": 459.6205962059621,
  "y": 26.016260162601625,
  "z": 16718
}