{
  "height": 99.499275163577948,
  "tabOrder": 1000,
  "width": 913.14657367864277,
  "x": 0,
  "y": 110.73306429494964,
  "z": 1000
}