{
  "height": 146.98445595854923,
  "tabOrder": 2000,
  "width": 498.40414507772022,
  "x": 0,
  "y": 564.06217616580318,
  "z": 2000
}