{
  "height": 30.352303523035232,
  "tabOrder": 11000,
  "width": 150.02710027100272,
  "x": 940.05420054200545,
  "y": 26.016260162601625,
  "z": 13375
}