{
  "height": 131.47453933029522,
  "width": 267.81850604319396,
  "x": 0,
  "y": 0,
  "z": 0
}