{
  "height": 191.53081038240538,
  "tabOrder": 3000,
  "width": 251.58708143451557,
  "x": 1029.0723201902119,
  "y": 240.22508420844065,
  "z": 3000
}