{
  "height": 228.86308698236576,
  "tabOrder": 2000,
  "width": 358.71448385179315,
  "x": 0,
  "y": 131.47453933029522,
  "z": 2000
}