{
  "height": 327.76119402985074,
  "tabOrder": 2000,
  "width": 1279.7014925373135,
  "x": 0,
  "y": 392.23880597014926,
  "z": 0
}